{"obs_size": 13164381, "obs_mean": [2636.804127942571, 147.05965886280563, 2.800547325392664, 0.06539355593164614, 0.10886054240187934, 610.9032313443357, 0.7383740002663144, 2637.254997874173, 147.15220085167695, 2.6995684795206096, 0.06538779702706868, 0.10883799917998284, 611.9423794053575, 0.7386552692450773, 2639.866043831305, 147.2527423051642, 2.571192143405755, 0.06538166421877331, 0.10888804021328398, 612.8569674965127, 0.738681766427142, 2639.363868320508, 147.37092104824373, 2.4317302879641667, 0.06537416517373665, 0.10887293022755873, 613.9754391010617, 0.738725006743558, 2640.4027580718875, 147.50556269983377, 2.2786934683826, 0.06536674979279318, 0.10889013632262735, 615.3121824506101, 0.7391399091229478, 2641.0485066783776, 147.6472406108574, 2.113475141748024, 0.0653592322786009, 0.10886957537236416, 616.7741387978169, 0.7394277220478475, 2642.903315026368, 147.79837122611386, 1.9349146002383248, 0.06502443457500896, 0.10888615335928092, 618.3435128129931, 0.7395638666185645, 2645.915163055804, 147.95601023701755, 1.7420360288873438, 0.06468943955146816, 0.10890989949705888, 620.1064358094845, 0.7397145199610867, 2646.507260889565, 148.11697815491667, 1.5353197389227795, 0.06435423168229677, 0.10891031331924973, 624.6062886305647], "obs_std": [7828.425056169943, 148.02029964696416, 19.584447649171473, 2.3678818092609544, 0.17975536390875965, 488.0101541073036, 0.84190842373566, 7827.0126474291355, 148.033444364885, 18.961698021521414, 2.3678814214375516, 0.17920689948598653, 487.86186214278575, 0.8397119679071107, 7837.506792222078, 148.024985688519, 18.12666135160906, 2.3678810195800164, 0.18035347711123242, 487.4044791503811, 0.8393597840427923, 7830.691194516263, 148.05353383351726, 17.18348488332068, 2.3678802004431216, 0.18013196680260465, 487.2785854600208, 0.8393395120888951, 7833.937211138765, 148.0850807170288, 16.124497177555636, 2.3678797031659355, 0.18007999409889405, 487.1018984859303, 0.8377931856250723, 7833.110796988106, 148.1075682350859, 14.876274966519146, 2.367879338623726, 0.1794308424978955, 486.7726913466172, 0.8362405340760956, 7837.321380610333, 148.14590428915298, 13.416161261547824, 2.0507632321917355, 0.17994638381822464, 486.60139068235156, 0.8322158592489316, 7845.254278332238, 148.17780016439616, 11.609912164058715, 1.6746365437361466, 0.17994184202980648, 486.1755116169965, 0.8296762394777232, 7844.308182522654, 148.19161462207768, 9.310869983124087, 1.1845610798063884, 0.18003390546887446, 484.54023448212257]}