{"obs_size": 13122172, "obs_mean": [2652.0491700304856, 146.77897020401807, 2.4105310462322858, 0.06432847706607005, 0.10859847953242653, 615.3628956723517, 0.7404649948956429, 2653.85113249595, 146.84701153132266, 2.3393925182507895, 0.06432304253343316, 0.10859113323259326, 616.2226263231455, 0.7409743223911318, 2654.1917090676066, 146.92359953824715, 2.2602047892681183, 0.06431797071392031, 0.10859479404956811, 616.9904507943277, 0.7410388128581069, 2653.5411073527202, 147.01302688304955, 2.1780321885736598, 0.06431265837286883, 0.10861615049261522, 617.8568271280603, 0.7412010024712236, 2657.015597092414, 147.1225595884584, 2.0724903621138324, 0.06430605475419965, 0.10863556531677877, 618.8886895211106, 0.7413160521748936, 2655.60150069127, 147.2341131483416, 1.9459808178097346, 0.06429975732920029, 0.10865893439165486, 619.9501832249055, 0.741512661852009, 2658.073072108044, 147.35812866955257, 1.8007792459967755, 0.06429268861679499, 0.1086170299957219, 621.1596075397728, 0.7414708388976965, 2659.0489341688603, 147.49086591762403, 1.6450940438823696, 0.06428501546367657, 0.10863508704930797, 622.4563647297095, 0.7417462154893147, 2660.5662954341888, 147.64124048976038, 1.4797186776701297, 0.06427690813251222, 0.10865093275419539, 629.1551132166703], "obs_std": [7872.799526169417, 147.5660044325386, 17.233017073532434, 1.1864697344916393, 0.1794433804312249, 487.3377068197318, 0.8359437994987318, 7881.359525880074, 147.5679422494157, 16.763095278522414, 1.186468287048806, 0.17926594284009578, 487.1186286025814, 0.8364337017649287, 7879.334250199037, 147.56808890850155, 16.223040058358208, 1.186467802541822, 0.17942589569996958, 486.925144267562, 0.8321467429289646, 7877.259958783383, 147.5922660327697, 15.61090747012301, 1.1864670294559732, 0.1792253716582375, 486.7251124680534, 0.8324300430205555, 7887.599639046001, 147.6357117979173, 14.782249716166305, 1.1864649279708266, 0.17972083973040298, 486.67648144305537, 0.8314928503445891, 7877.151875909309, 147.647039468245, 13.713730616304751, 1.1864640707826386, 0.17984552589373695, 486.4806818432928, 0.8308439987426599, 7885.119488811553, 147.66435170726118, 12.417869225251248, 1.1864628728619253, 0.17892283284854493, 486.1472021996521, 0.8277972610760609, 7886.998283251736, 147.66195697587872, 10.860320002985961, 1.1864615141481172, 0.1793320435343432, 485.83501431870513, 0.8272099966196518, 7890.899767663079, 147.68349993926319, 8.845089746747473, 1.186460112912194, 0.17948765594799024, 484.38394272289975]}