{"obs_size": 13149694, "obs_mean": [2640.4771097866437, 146.9931056190357, 2.66807744727748, 0.06503050892682218, 0.1088564755111407, 612.1451054913263, 0.7389472278974505, 2641.6638469580903, 147.08403891375724, 2.579973648055993, 0.06502507615918514, 0.10884846771765333, 612.9890551917525, 0.7391566616683204, 2642.265871329906, 147.17763417156323, 2.4776076158122007, 0.06501866537152734, 0.10887592778227424, 613.9621627534974, 0.7392783193281853, 2644.5198368740625, 147.2886987332177, 2.354078505553057, 0.06501266495760134, 0.10888817203563896, 615.1568826574963, 0.7395124208213355, 2645.0327173213223, 147.40909324582, 2.2103130308583605, 0.06500571284586397, 0.10887689873422152, 616.2584251762803, 0.7395152997476512, 2647.4639535403567, 147.54651887716932, 2.0570605673409585, 0.06499850125538897, 0.10887247483310096, 617.5440802921638, 0.7399228612467939, 2647.295810518601, 147.68994502837856, 1.8893834335612676, 0.06499076918344873, 0.10889393092424823, 619.0070278501763, 0.7398795083748695, 2648.172424389766, 147.8438992572755, 1.7130699010942765, 0.06465585909854599, 0.10888009464478861, 620.5863599403451, 0.739931429887262, 2650.479262366742, 147.99899062289967, 1.5130144473323865, 0.06432041967980577, 0.10886467179502361, 626.2701810169891], "obs_std": [7839.694655434114, 148.04432654500425, 18.819607824754282, 2.0519105437803056, 0.18015707587352603, 487.65474560862174, 0.8386331317410489, 7841.937260983108, 148.06209458846712, 18.27921406019085, 2.051910052682079, 0.1801284637415717, 487.6603795454879, 0.8380189959486668, 7841.093608973248, 148.08774146962253, 17.618178877327775, 2.051909019852606, 0.18063782242732274, 487.3919189559376, 0.8366376815677001, 7849.814705902335, 148.0961182727074, 16.746729168353184, 2.0519085690548486, 0.18047037424639004, 487.38439772258533, 0.8354413867272301, 7850.177202326198, 148.10529921968796, 15.705957198671587, 2.0519080189198755, 0.1803654724611627, 486.9295796371982, 0.8321926231279629, 7857.4863699485395, 148.13831392354172, 14.501137905819657, 2.051907307009117, 0.17978617842031394, 486.5002451064713, 0.8324345345700409, 7850.9656226856605, 148.1548950858334, 13.058979575517982, 2.0519067217584706, 0.1804087722399632, 486.299821356508, 0.8305931460469131, 7849.403528678438, 148.17685080888506, 11.384369226053675, 1.6755695427021866, 0.17981890140898008, 485.9491187330898, 0.8282866509066688, 7855.5280691647295, 148.18362223857724, 9.122925252783986, 1.1852191383173525, 0.18002480086372138, 484.37566477222185]}