{"obs_size": 13135575, "obs_mean": [2644.2882319977994, 146.90170076300424, 2.5393033803240432, 0.06469029715867063, 0.10870227290438451, 613.7907261079405, 0.7395571367831179, 2644.7678938785907, 146.97621223281052, 2.4625167151038303, 0.0646848730127159, 0.10870309043121518, 614.6462677311005, 0.7398814207219649, 2645.1911717392345, 147.06989598856538, 2.3757617005726814, 0.06467895537873333, 0.10874058398098314, 615.5063144499409, 0.7402419185303881, 2646.1066946277742, 147.16418055547624, 2.272728373139356, 0.06467286135696418, 0.1087286324826278, 616.3468566571311, 0.7402155288976546, 2646.397826472235, 147.26999122611684, 2.145976175386308, 0.0646666589515878, 0.10875140242273451, 617.6160004963635, 0.7406510753430985, 2647.4412945713752, 147.3960274293284, 2.001805402504268, 0.06465989223684551, 0.10874357879765573, 618.7731970926322, 0.7407442836723762, 2649.1038353435224, 147.5385692670477, 1.8486080738757154, 0.06465251371264696, 0.10872281182049535, 620.1113610570766, 0.7412012524004411, 2650.9919498676536, 147.67128976082128, 1.6801172388722991, 0.06464442137097172, 0.10875821784558407, 621.4881250632203, 0.7409243401221445, 2653.02668004599, 147.82418105031564, 1.5014711575245088, 0.06430864957088103, 0.10875561661168198, 627.9749132945806], "obs_std": [7849.555127401514, 147.77016800883456, 18.04230964480349, 1.676475393218816, 0.17971539190611208, 487.45284319987707, 0.836620836832284, 7852.1305282229505, 147.78019634826208, 17.53602489381173, 1.6764750004765436, 0.17939592132753374, 487.35881702913093, 0.8365461204659541, 7847.207273817539, 147.83628976924513, 16.962231469849158, 1.6764741571681496, 0.17985415695971743, 487.2012821295321, 0.8364264514154911, 7849.016265791775, 147.84082690269628, 16.224594681544165, 1.676473330936846, 0.1797800076941277, 486.93466995298735, 0.8341478709993319, 7849.585118546004, 147.86120043710324, 15.281893849997537, 1.6764727545674902, 0.18009956861898502, 486.86956762783507, 0.8332348013667235, 7850.241022830561, 147.88013052013318, 14.103082575784706, 1.6764721187975835, 0.17992681548768125, 486.6464672344029, 0.8323086245689671, 7854.6735796921885, 147.9050149591695, 12.748898701289281, 1.676471406739597, 0.17898753137199716, 486.1944340749407, 0.8299532658831323, 7858.206342633298, 147.90494620802394, 11.136623794213634, 1.6764702380327725, 0.17981757559464256, 485.9413776821681, 0.8293545143745069, 7862.151250024314, 147.95369292543427, 9.119785250054111, 1.1858565308710909, 0.17953099220065277, 484.2790349890363]}