{"obs_size": 13179506, "obs_mean": [2633.234177438138, 147.1158705037958, 2.916928752868279, 0.06574138185725707, 0.10894089564813833, 609.2612274284522, 0.7374065482423877, 2635.1431207035603, 147.2256682458356, 2.79564469260077, 0.06573476105371567, 0.1089237080125765, 610.313430035086, 0.737362898882542, 2636.070124478148, 147.35171864560022, 2.6567159649231162, 0.06572776018441148, 0.1089509867646023, 611.6273292372709, 0.7377196661240406, 2636.5697107287733, 147.4853496785084, 2.505006181567048, 0.06572085537910238, 0.10895747502470879, 612.8437860952641, 0.7379715217702215, 2638.3354240382387, 147.62566897423926, 2.3386765027460057, 0.06571277921615659, 0.10896669079842647, 614.3369462765846, 0.7381267184824668, 2640.024804956175, 147.771233686604, 2.1644025959698334, 0.0653784286514236, 0.10899611837219107, 615.8348042891197, 0.7383986549268133, 2642.0706309993616, 147.92449883933432, 1.9686718910405288, 0.06504431643629094, 0.1089772304965759, 617.4662272822145, 0.7386586105731024, 2644.106272986409, 148.0850819446495, 1.760007089795323, 0.06470928259010605, 0.10898229543178671, 619.3778591761674, 0.7390979207414812, 2645.3027596925162, 148.24959569804815, 1.543421961339067, 0.0643741248807073, 0.10896951794278119, 622.1545317958543], "obs_std": [7822.8466466713335, 148.13876940099345, 20.18508879752675, 2.645760076039026, 0.179690173269637, 488.15573460338044, 0.8412305966722557, 7826.101001015325, 148.1385781379418, 19.443717262504972, 2.645759398672831, 0.17983278729620586, 487.78288107637485, 0.8397720493309042, 7826.093816589295, 148.16259166598812, 18.586811919492202, 2.6457588319148178, 0.18044151732274685, 487.86753461209327, 0.8381879394622249, 7826.233485550678, 148.17324204567728, 17.58912024584889, 2.645758546604321, 0.18015221947996682, 487.3627405398548, 0.8376785624016903, 7831.148016942051, 148.18372400332598, 16.452475643326224, 2.645757921234759, 0.17990471093627083, 487.16974300101225, 0.8353310863153083, 7833.19705500456, 148.2035599109433, 15.144089784409323, 2.3665207801245374, 0.18011211069305558, 486.75738888520664, 0.833141391761093, 7838.243805051909, 148.22786555921897, 13.580819272017738, 2.049587185688822, 0.17980827743310868, 486.45202651163936, 0.8329582853488747, 7843.44928731715, 148.25105350303295, 11.67337538304335, 1.6736764927169614, 0.17977180311499993, 485.9901846905964, 0.8321355188225396, 7842.538564683441, 148.26785499708373, 9.332249344901129, 1.1838831156741114, 0.17953452477584303, 485.02555855732106]}