{"obs_size": 13476622, "obs_mean": [5388.702946171458, 572.3221569915664, 2.5893918372126192, 0.06396976731462109, 0.09605514772181079, 630.2976649527891, 0.5117824411784856, 5390.6912459553205, 572.6998108279656, 2.468320102767593, 0.06396295032665478, 0.09604744815740947, 631.5151953985654, 0.5120059313824853, 5392.181283645983, 573.1432885778054, 2.3128740273341495, 0.0639553077450791, 0.09605130785311099, 632.7931407993759, 0.5120813637126372, 5395.145127477193, 573.5795591061321, 2.133393219754921, 0.06394735263073367, 0.09604758680802955, 634.3621881985434, 0.5119924682906233, 5394.084870525374, 574.0463116053859, 1.9400000237448227, 0.06393907343747593, 0.09602831678435497, 635.8752206456002, 0.5120392815053852, 5399.756014064096, 574.6597706012678, 1.7325894426659738, 0.06393025674899122, 0.09600463949742079, 637.6483519339854, 0.5123851787190988, 5401.450827768808, 575.2616155591512, 1.5081487779355984, 0.06360282756406656, 0.0959837470839505, 639.5581784557428, 0.5124719616681168, 5406.459795495051, 575.7960314535793, 1.2689323778614552, 0.06327504183378445, 0.09596555571292358, 641.6963958402944, 0.5127616043545458, 5409.312442407596, 576.3541604862108, 1.0084000278408045, 0.06326465365052913, 0.09597267029378764, 647.6652465005893], "obs_std": [11094.256751891342, 556.6260722954898, 24.903846895909982, 2.616439196518473, 0.11143188502105, 529.7575543236285, 0.7313478079888498, 11096.32672837272, 556.5541454968629, 24.14252594672976, 2.6164388631716675, 0.10997634449113292, 529.6014183430104, 0.7329735114301991, 11096.08854761544, 556.6094231827236, 23.060987303904525, 2.616438529609707, 0.10977633120537796, 529.2338350873406, 0.7354357154035418, 11099.236872259728, 556.6476528412181, 21.762197494396677, 2.6164381877536265, 0.10933248146281975, 529.0479049266759, 0.7275368982849673, 11095.688222421828, 556.5857597422672, 20.23538091386919, 2.6164378507937167, 0.1080563087209759, 528.6510587348754, 0.7296273252969495, 11103.427645317166, 556.6501366412771, 18.439075379642357, 2.6164374078832995, 0.10604593295275563, 528.3565680871743, 0.7298156219756912, 11103.03000271931, 556.6492504728157, 16.336144394020653, 2.340296984617105, 0.10356218475274975, 527.9622626548036, 0.725412466935265, 11112.625364772994, 556.5339684905684, 13.836390784439454, 2.026878101431708, 0.10270373190491294, 527.8563916454116, 0.7267810489641183, 11109.74798240923, 556.3814733028223, 10.371965440311262, 2.0268772930157675, 0.10151760521167026, 526.2881005108119]}