{"obs_size": 13489635, "obs_mean": [5372.779585260216, 571.4737848726078, 2.7522660175757165, 0.06464524556795681, 0.09613140433784857, 628.6942625604065, 0.5118978648421273, 5376.755537252158, 571.9148747167732, 2.594124377716669, 0.06463754404652948, 0.09611771798532687, 630.1251418479454, 0.5120333894134026, 5380.791315493708, 572.3192337672591, 2.4173552509018963, 0.06462958971848415, 0.09611072662670293, 631.5331434908849, 0.5121804578107404, 5379.85496384698, 572.8413709488804, 2.224405626986942, 0.06462135957904745, 0.09609763497796632, 632.8870461566929, 0.5120773438272926, 5382.261553581147, 573.3333163573366, 2.018156384512998, 0.06461227039983704, 0.09610680297628547, 634.7710754777796, 0.5121070156456928, 5385.3664861069965, 573.881439342132, 1.795369481828085, 0.0646030170876459, 0.09608100300608577, 636.6689421115336, 0.5123228871648269, 5388.038434875409, 574.4798450810566, 1.5531273455508618, 0.0642755161058188, 0.09606639601983233, 638.7566668933598, 0.5126560673435365, 5395.113407086311, 575.1342570796021, 1.2944922527555416, 0.06394742913645282, 0.09607522706366799, 641.0155334081302, 0.5129030415574404, 5399.0317774442, 575.6577339564784, 1.0236231743853705, 0.0629824693265687, 0.09606294017814446, 644.6704338443575], "obs_std": [11067.709934826502, 556.2869571971853, 25.884802401978583, 3.094192077176427, 0.11081201130013535, 529.9022758282812, 0.7386454412069139, 11074.844647773929, 556.239969103191, 24.86867806411642, 3.0941916931422, 0.10904784097338129, 529.7179852802142, 0.73766187996514, 11082.263083008176, 556.1986849123355, 23.677411981809886, 3.094191329728472, 0.10914929513733293, 529.5816759357737, 0.7340411550017917, 11074.6070639525, 556.2399920631342, 22.333678176172995, 3.0941910131652803, 0.1077794733143419, 528.9751408993515, 0.7324305817158159, 11078.25002575259, 556.1841636445603, 20.728953141670363, 3.0941905949004256, 0.10750773155042373, 528.8401004635502, 0.7300766623606735, 11082.512893851499, 556.1450614576491, 18.90377638958914, 3.0941902212385104, 0.10554078152835618, 528.5444714851266, 0.728153179214939, 11079.351300767901, 556.0357786212853, 16.740190045109845, 2.8647126802602165, 0.10386688299568428, 528.2860036819917, 0.7307823890671088, 11091.982216428678, 556.0696036041085, 14.049517523074915, 2.6151757121115917, 0.1030410126813039, 527.7708730946531, 0.7260220788963251, 11093.764093197267, 555.9719655129641, 10.557143009915084, 1.6543395327505814, 0.10158009216588008, 526.6091667536992]}