{"obs_size": 13440334, "obs_mean": [5440.752102549613, 574.1270542830259, 2.09666686854657, 0.06320457479643905, 0.09578788590171934, 635.8542939405662, 0.512867802764402, 5441.9388684145915, 574.4488151112911, 2.0153231311067126, 0.06319889760999411, 0.0957755733329258, 636.6569005934435, 0.5129737419471623, 5445.781850874083, 574.773176618974, 1.9220377261457935, 0.06319289622922485, 0.09580075940114333, 637.6059671573731, 0.5132278403200187, 5444.746318442657, 575.1113287809663, 1.821495507477716, 0.0631861997967552, 0.09579227440463978, 638.7831952664217, 0.5133163245794079, 5448.688656747624, 575.4181536708834, 1.6971074528356216, 0.06317913888085833, 0.09578919465714245, 639.9414526714821, 0.5135211796819676, 5448.946040619266, 575.8069792015584, 1.536635845508006, 0.06317157430195713, 0.09578006610564974, 641.3812947130571, 0.5134494500657306, 5450.701516109145, 576.2340897927091, 1.3531363134279253, 0.06316314316133224, 0.09575486525922654, 642.7938310159016, 0.5135706910259613, 5452.705368309246, 576.7472408051764, 1.1551257580354775, 0.06315456039307667, 0.09575929331235308, 644.4267817281424, 0.5135135914776884, 5455.379603221542, 577.3139071543907, 0.9431906974930832, 0.06250727265402149, 0.0957453504145065, 652.9458933066671], "obs_std": [11185.096538657861, 556.9561320087903, 21.610741824306093, 2.029611201276799, 0.10737174147371618, 529.3612348314729, 0.7294148055455489, 11186.166232318445, 556.9602014952548, 21.03534235116724, 2.029610699974478, 0.10669692085441419, 529.1307040884533, 0.730130648618242, 11192.835872693197, 556.9040968661392, 20.377237416728732, 2.0296102376701692, 0.10562481804950057, 528.9218490774057, 0.7273267343417592, 11187.524006087115, 556.8826257089084, 19.61258224994821, 2.0296097685046273, 0.10576085658041491, 528.9253572930206, 0.7267502905799872, 11194.103354591074, 556.7705402629795, 18.596455915146883, 2.0296092384185034, 0.10471873066766618, 528.8526980806381, 0.7299976381156804, 11190.09084690089, 556.7087450084495, 17.14480963348658, 2.029608752652435, 0.10354603813995751, 528.656717118771, 0.7254973701942141, 11194.220179595164, 556.6925028753132, 15.252814331349835, 2.0296081986604024, 0.10223204465722881, 528.3078500255408, 0.7238497592215813, 11192.47320232471, 556.6399661625129, 12.929468160845927, 2.029607649766684, 0.1010798258198572, 527.9841209052098, 0.7186747860745468, 11195.647874434866, 556.6416259633118, 9.833715522728166, 1.1723512321194542, 0.09857752713074619, 526.2430649500217]}