{"obs_size": 13464060, "obs_mean": [5404.149347455685, 572.9871477102747, 2.4265321901417556, 0.06295836147485458, 0.0959247743702869, 632.0267617749274, 0.5121371154762913, 5406.941194715136, 573.2857341693367, 2.326791473002943, 0.06295185685886213, 0.09593831900088168, 633.110142919252, 0.5125545011682741, 5407.682619700895, 573.6245636902984, 2.2030871817267603, 0.06294451859759477, 0.09592474542069875, 634.1786257604803, 0.512485417548624, 5409.674610372391, 574.0418706541711, 2.0448301626701006, 0.06293706460734226, 0.09589238098827535, 635.55749140922, 0.512581853319108, 5414.043479902918, 574.4721629285668, 1.8630504468934332, 0.06292870009559762, 0.09589158119638558, 637.0694081585567, 0.5125291046682586, 5411.959000297767, 574.9425741566807, 1.6696656134925127, 0.06292015553526437, 0.09588604424445644, 638.7717554411732, 0.5127562891876367, 5418.039059774664, 575.4580920613843, 1.459570441605281, 0.06291161067524434, 0.09588642724631401, 640.4475011495313, 0.5126752171335951, 5420.338276869199, 576.068597584978, 1.22997543088786, 0.06258376465257352, 0.0958532472835828, 642.5007590896035, 0.5129277633195083, 5424.047303207403, 576.6323757469886, 0.9872492398281053, 0.06257441739936749, 0.09586550141242822, 649.7334035462271], "obs_std": [11118.221545627182, 556.7468108879898, 23.930368181374117, 1.6559104551521069, 0.10682390967457531, 529.2528011551904, 0.731007044509672, 11123.804433888012, 556.8095325912207, 23.30197386605277, 1.6559098124329055, 0.1061428736478937, 529.19107336554, 0.7320598066432997, 11121.383401686766, 556.804881874431, 22.461272143702484, 1.6559091367195564, 0.10553061935626801, 528.9530932226904, 0.734288828324931, 11126.675354796735, 556.6694151508848, 21.283919313837277, 1.6559085840152226, 0.10401198332761716, 529.0408228820977, 0.7303266104148906, 11131.971973903506, 556.6173916343745, 19.772924423473448, 1.6559078655560224, 0.10394629867991574, 528.5526855690679, 0.7268883271595167, 11123.577403615354, 556.5167647053032, 18.07681744044414, 1.6559072550157454, 0.10307642213323014, 528.2712313373987, 0.7281714607247367, 11132.690544464045, 556.4255901847075, 16.08034838487303, 1.6559066196144183, 0.1022146265276041, 527.9388110150371, 0.7224288243873835, 11133.921879009522, 556.4730667314539, 13.620804801494701, 1.1713214245046766, 0.10160118058655203, 527.6880100466577, 0.7217669489278967, 11135.53657054478, 556.3984888741775, 10.312746840089757, 1.1713204885230397, 0.10064377737266475, 526.0052835952193]}