{"obs_size": 13451969, "obs_mean": [5422.053955064299, 573.4648248892039, 2.273803559910077, 0.06292797260714172, 0.0958714973032573, 633.9093308291153, 0.5125294797363646, 5422.153037346069, 573.7692664917679, 2.1848076664464506, 0.06292136375612513, 0.09586351174047492, 634.8340071964641, 0.5124105156650064, 5428.592132197426, 574.0882389782493, 2.0796881854247506, 0.06291456871065629, 0.09585041736997821, 635.8713993371535, 0.5125922251976436, 5424.93275927583, 574.4687133162439, 1.952367270546044, 0.06290694376764601, 0.09585694415992269, 637.0575226657613, 0.5127940473992822, 5430.619751871452, 574.9147127829392, 1.792199788744681, 0.06289931172470863, 0.09585726925099207, 638.4244851178769, 0.5130151780753934, 5430.613726568279, 575.3224010551912, 1.6055790791667748, 0.06289108253112366, 0.09584439918252848, 639.9586010515889, 0.5130494123945488, 5432.952755022785, 575.8608776157604, 1.4099886046421903, 0.06288242069522428, 0.09582235870510808, 641.5410354534625, 0.5131237879004691, 5439.525998148847, 576.4628790030664, 1.1951917224905886, 0.06255462820677977, 0.09581787342633723, 643.3060133097207, 0.5132003404854402, 5438.760117409663, 577.0192743530705, 0.9636230205407105, 0.06254541653241433, 0.09579782123694977, 651.5696298167686], "obs_std": [11154.226969557307, 556.6602238920867, 22.93690086251972, 1.6566533875268077, 0.10910772874000017, 529.4032931876252, 0.7292634867236981, 11151.746363124861, 556.7189460195751, 22.352018809939544, 1.656652530687937, 0.10829712438453153, 529.4017866221751, 0.7263611326064154, 11163.920382605413, 556.566459171819, 21.627205505897066, 1.6566518445224347, 0.10715152474968159, 529.032649797276, 0.7262248554164648, 11148.389618179113, 556.711955206876, 20.694366181132114, 1.656651080266249, 0.10605897276165241, 528.9016592847096, 0.7272253395556318, 11163.531861841844, 556.6512006943866, 19.319887510303037, 1.6566504942516995, 0.10568561616538454, 528.78929111905, 0.7282859873529972, 11160.138223528294, 556.5435767370903, 17.63959654224838, 1.6566497887444114, 0.10409122814509424, 528.5806587327787, 0.7284576476720132, 11162.239522265407, 556.5564305044286, 15.687284047953922, 1.6566491786452355, 0.10134452894170401, 528.1708514842005, 0.7224810406550338, 11175.201383445841, 556.5421474626135, 13.23960356456975, 1.1718457677733727, 0.10049951741404266, 527.7966507035104, 0.7204368807342739, 11163.264463971129, 556.5006395963436, 9.9513752217066, 1.1718447776738063, 0.10001453824615505, 526.3050919972106]}